{"cameraMode":{"drawMode":0,"name":"Shaded","section":"Shading Mode"},"sceneLighting":false,"audioPlay":false,"sceneViewState":{"showFog":true,"showMaterialUpdate":false,"showSkybox":true,"showFlares":true,"showImageEffects":true,"showParticleSystems":true},"in2DMode":false,"pivot":{"x":0.4613685607910156,"y":-0.24311047792434693,"z":0.5373046398162842},"rotation":{"x":0.49856996536254885,"y":0.011701724492013455,"z":-0.006731273606419563,"w":0.8667458891868591},"size":1.791319489479065,"orthographic":true}