{"cameraMode":{"drawMode":0,"name":"Shaded","section":"Shading Mode"},"sceneLighting":true,"audioPlay":false,"sceneViewState":{"showFog":false,"showMaterialUpdate":false,"showSkybox":false,"showFlares":false,"showImageEffects":false,"showParticleSystems":false},"in2DMode":false,"pivot":{"x":0.20783255994319917,"y":-0.7127950191497803,"z":1.782930850982666},"rotation":{"x":-0.1586412638425827,"y":-0.0068123857490718369,"z":0.0010957439662888647,"w":-0.9873121976852417},"size":5.033688545227051,"orthographic":false}