{"cameraMode":{"drawMode":0,"name":"Shaded","section":"Shading Mode"},"sceneLighting":false,"audioPlay":false,"sceneViewState":{"showFog":false,"showMaterialUpdate":false,"showSkybox":false,"showFlares":false,"showImageEffects":false,"showParticleSystems":false},"in2DMode":false,"pivot":{"x":-0.10972565412521362,"y":-2.498102903366089,"z":4.4222092628479},"rotation":{"x":-0.24078786373138429,"y":0.03260435909032822,"z":-0.008092342875897885,"w":-0.9699962735176086},"size":8.189983367919922,"orthographic":false}