{"cameraMode":{"drawMode":0,"name":"Shaded","section":"Shading Mode"},"sceneLighting":true,"audioPlay":false,"sceneViewState":{"showFog":false,"showMaterialUpdate":false,"showSkybox":false,"showFlares":false,"showImageEffects":false,"showParticleSystems":false},"in2DMode":false,"pivot":{"x":-0.8176935315132141,"y":0.3830341696739197,"z":0.6259337663650513},"rotation":{"x":0.27308040857315066,"y":0.40438127517700198,"z":-0.1278928518295288,"w":0.8634502291679382},"size":1.6331608295440674,"orthographic":false}